source_file,test_id,qid,type,cluster,tsne_x,tsne_y,clean_text
reading-endofcourse-2015.js,reading_endofcourse_2015,1.0,multiple-choice,0,-21.33672,3.0675633,"In paragraph 1, the words ""rumbled,"" ""buzzed,"" and ""exploded"" evoke images of-"
reading-endofcourse-2015.js,reading_endofcourse_2015,2.0,multiple-choice,4,-1.6880171,16.519684,The details in paragraph 2 support the idea that Benjamin is -
reading-endofcourse-2015.js,reading_endofcourse_2015,3.0,multiple-choice,3,-17.160662,27.625147,Read this sentence from paragraph 4. He swung wide around an anonymous heap of metal being swallowed by a greedy mound of blackberry brambles and came to an abrupt halt. The sentence contains an example of--
reading-endofcourse-2015.js,reading_endofcourse_2015,4.0,multiple-select,7,-11.149288,-7.740018,"In this excerpt from paragraph 7, select the words that best reveal Benjamin's attempt to gain the artist's trust. Craning his head to the side to get another peek at it, he answered politely enough, ""My name's Benjamin, and I live up on Hendricks Avenue,"" waving his hand vaguely at the steep hill behind him. ... Then Benjamin blushed and apologized."
reading-endofcourse-2015.js,reading_endofcourse_2015,5.0,multiple-choice,3,1.877092,3.8961496,Which situation in the selection is an example of irony?
reading-endofcourse-2015.js,reading_endofcourse_2015,6.0,multiple-choice,4,-0.7296378,17.27292,"According to paragraph 3, the main difference between Super Stadiums and regular stadiums is that Super Stadiums -"
reading-endofcourse-2015.js,reading_endofcourse_2015,7.0,multiple-choice,6,11.617962,18.66333,"In paragraph 6, which word best describes the author's attitude about Super Stadium projects?"
reading-endofcourse-2015.js,reading_endofcourse_2015,8.0,multiple-choice,0,-23.598013,-1.780032,"According to paragraph 7, in the future, sports fans will-"
reading-endofcourse-2015.js,reading_endofcourse_2015,9.0,multiple-choice,3,-14.501724,25.58234,Which sentence from this selection would be most difficult to verify as a fact?
reading-endofcourse-2015.js,reading_endofcourse_2015,10.0,multiple-choice,1,18.208115,-3.8781683,"Based on the selection, the reader may best infer that new building materials -"
reading-endofcourse-2015.js,reading_endofcourse_2015,11.0,multiple-choice,6,13.576282,14.636129,Which information about the selection would be best to include in a report about the popularity of spectator sports?
reading-endofcourse-2015.js,reading_endofcourse_2015,12.0,multiple-choice,6,5.8083487,7.865505,The purpose of this selection is to--
reading-endofcourse-2015.js,reading_endofcourse_2015,13.0,multiple-choice,0,-23.793543,6.2801375,The purpose of the first paragraph is to -
reading-endofcourse-2015.js,reading_endofcourse_2015,14.0,multiple-choice,7,-14.44079,-8.777647,Which question is answered in paragraph 3?
reading-endofcourse-2015.js,reading_endofcourse_2015,15.0,multiple-choice,0,-27.679512,2.25218,Paragraph 4 suggests that Osamu Tezuka -
reading-endofcourse-2015.js,reading_endofcourse_2015,16.0,multiple-choice,3,-16.433214,26.293455,"Read this sentence from paragraph 5. While Tezuka's manga may stand on the same library shelves as American superhero comic books, Tezuka's manga are to most traditional American comic books what Shakespeare's plays are to soap operas on American television: a similar art form, but with much richer content. The purpose of the analogy in this sentence is to-"
reading-endofcourse-2015.js,reading_endofcourse_2015,17.0,multiple-choice,6,14.149942,15.08869,The author mainly develops the topic of this selection by -
reading-endofcourse-2015.js,reading_endofcourse_2015,18.0,multiple-choice,6,10.683361,12.661981,Which information from the selection supports the thesis that manga has become increasingly popular over time?
reading-endofcourse-2015.js,reading_endofcourse_2015,19.0,multiple-choice,6,14.400967,18.853458,"In paragraph 2, the author uses dialogue to -"
reading-endofcourse-2015.js,reading_endofcourse_2015,20.0,multiple-choice,3,-15.548549,23.33873,"Read this sentence from paragraph 3. I watched her play with the top button of her coat and thought about the man I was about to meet, my father, whose face I knew only from a small black-and-white photograph. This sentence conveys Su-Jen's feelings of -"
reading-endofcourse-2015.js,reading_endofcourse_2015,21.0,multiple-choice,0,-34.16706,1.0981901,"In paragraph 3, pensive means -"
reading-endofcourse-2015.js,reading_endofcourse_2015,22.0,multiple-choice,3,-17.160662,27.625147,"Read this sentence from paragraph 5. He stopped as he drew near, huffing out of breath. This sentence contains an example of--"
reading-endofcourse-2015.js,reading_endofcourse_2015,23.0,multiple-choice,5,0.25851208,-12.583917,The character of Su-Jen is mainly revealed through her--
reading-endofcourse-2015.js,reading_endofcourse_2015,24.0,multiple-choice,1,17.230488,-3.3614087,"Based on the selection, Su-Jen's father may best be described as--"
reading-endofcourse-2015.js,reading_endofcourse_2015,25.0,multiple-choice,2,15.355105,-18.324955,Later chapters of this selection would most likely describe--
reading-endofcourse-2015.js,reading_endofcourse_2015,26.0,multiple-choice,3,-15.775317,22.77162,"Which word carries a negative connotation in this sentence? Patrick's mother is assuming that when her son refrains from fraternizing so much, he will become more accomplished."
reading-endofcourse-2015.js,reading_endofcourse_2015,27.0,multiple-choice,3,-17.483513,26.060183,"Read this sentence. Ryan was meticulous with his writing assignments, so the papers he turned in for English class received the highest grades for grammar because they never contained mistakes. As used in this sentence, the word meticulous means--"
reading-endofcourse-2015.js,reading_endofcourse_2015,28.0,multiple-choice,1,13.423086,-3.2879539,Which fact from a magazine article would be best to include in a report about the literary career of William Faulkner?
reading-endofcourse-2015.js,reading_endofcourse_2015,29.0,multiple-choice,6,3.9104831,6.7107687,Read these sentences. The days following tryouts for the wrestling team were a roller coaster ride for Ian. He had done his best at the tryouts and hoped the coaches would want him to wrestle on the varsity team. He worried over it for hours. The purpose of the figurative language in these sentences is to suggest that Ian--
reading-endofcourse-2015.js,reading_endofcourse_2015,30.0,multiple-choice,4,1.1753395,17.10819,The information in paragraph 2 supports the idea that Antarctic fish -
reading-endofcourse-2015.js,reading_endofcourse_2015,31.0,multiple-choice,6,13.720962,17.15126,"Read these sentences from paragraph 3. The threadfin pithead, for instance, lives at depths of around 2,000 feet in the cold dark of the Antarctic seas. It is difficult to imagine a more adverse environment. These sentences suggest that the author--"
reading-endofcourse-2015.js,reading_endofcourse_2015,32.0,multiple-choice,3,-20.448074,24.646929,Read this sentence from paragraph 3. The slender fish spends its days swimming through the honeycombed channels of the icepack hunting krillsmall crustaceans-for its sustenance. The word sustenance means--
reading-endofcourse-2015.js,reading_endofcourse_2015,33.0,multiple-choice,4,-1.0232944,19.78916,Which statement best expresses the main idea of paragraph 3?
reading-endofcourse-2015.js,reading_endofcourse_2015,34.0,multiple-choice,0,-38.086033,1.0283533,"In paragraph 6, the word salutary means--"
reading-endofcourse-2015.js,reading_endofcourse_2015,35.0,multiple-choice,0,-19.922768,3.0622506,The organizational structure of paragraph 6 is best described as -
reading-endofcourse-2015.js,reading_endofcourse_2015,36.0,multiple-choice,2,16.828432,-18.21837,Which section would most likely describe future uses of the protein found in fish that live in below-freezing water?
reading-endofcourse-2015.js,reading_endofcourse_2015,37.0,multiple-choice,1,12.679356,-4.5219383,How can the reader best tell that this is an expository selection?
reading-endofcourse-2015.js,reading_endofcourse_2015,38.0,multiple-choice,6,22.296856,7.726225,What is the author's most likely purpose for writing this selection?
reading-endofcourse-2015.js,reading_endofcourse_2015,39.0,multiple-choice,3,-17.27887,21.056349,"That advice helped keep my situation in perspective; I was polishing my craft, getting experience, and establishing myself as a talented writer. In this sentence from paragraph 1, the word polishing suggests--"
reading-endofcourse-2015.js,reading_endofcourse_2015,40.0,multiple-choice,6,4.5977836,5.359707,Which set of statements provides the best summary of paragraphs 2-5?
reading-endofcourse-2015.js,reading_endofcourse_2015,41.0,multiple-choice,0,-20.5208,24.35051,"Read this sentence from paragraph 5. The ticket was inscribed with the logo for KidsPop, the symphony orchestra's overt attempt to entice children away from video games and into the world of classical music. What does the word overt mean?"
reading-endofcourse-2015.js,reading_endofcourse_2015,42.0,multiple-choice,0,-30.447779,5.225513,A quick scan of Saint-Saën's biography provided little assistance--the information was nearly incomprehensible to a beginner such as myself. The word incomprehensible from paragraph 6 contains a root word that means to--
reading-endofcourse-2015.js,reading_endofcourse_2015,43.0,multiple-choice,3,-12.031423,26.35,"Read this sentence from paragraph 10. Now came a contrast in tempo--the lumbering sluggishness of giant tortoises, painfully trudging along, step by laborious step. The author uses sensory language in this sentence in order to--"
reading-endofcourse-2015.js,reading_endofcourse_2015,44.0,multiple-choice,3,-16.287426,22.389774,The fanfare and flourishes of the finale announced a farewell to our carnival. Which literary device does Jake use in this sentence from paragraph 13?
reading-endofcourse-2015.js,reading_endofcourse_2015,45.0,multiple-choice,6,5.5859394,6.4124904,Jake's dismay over having to review a KidsPop concert affects the selection by--
reading-endofcourse-2015.js,reading_endofcourse_2015,46.0,multiple-choice,6,4.8521323,5.823485,Jake uses extensive animal imagery in the selection to suggest the music's--
reading-endofcourse-2015.js,reading_endofcourse_2015,47.0,multiple-choice,4,1.717167,7.097087,Which detail from the selection supports the concept that Jake is eager to do a good job reviewing the concert?
reading-endofcourse-2015.js,reading_endofcourse_2015,48.0,multiple-choice,6,5.691318,4.9738736,The selection is told from Jakes point of view in order to emphasize his--
reading-endofcourse-2015.js,reading_endofcourse_2015,49.0,multiple-choice,6,16.773,16.839603,The author includes the illustration at the top of the selection to--
reading-endofcourse-2015.js,reading_endofcourse_2015,50.0,multiple-choice,0,-23.793432,6.2802405,The purpose of paragraph 2 is to--
reading-endofcourse-2015.js,reading_endofcourse_2015,51.0,multiple-choice,6,14.57516,18.498783,The author uses the source in paragraph 5 to--
reading-endofcourse-2015.js,reading_endofcourse_2015,52.0,multiple-choice,1,12.568085,-5.269792,The reader may conclude that computerized contact lenses will be most useful to people who--
reading-endofcourse-2015.js,reading_endofcourse_2015,53.0,multiple-choice,0,-23.676086,3.144792,"Paragraph 8 suggests that in the future, computers will be embedded into contact lenses that--"
reading-endofcourse-2015.js,reading_endofcourse_2015,54.0,multiple-choice,6,5.3319097,7.843739,The purpose of this selection is to--
reading-endofcourse-practice-2024.js,reading_endofcourse_practice_2024,1.0,multiple-choice,0,-27.679512,2.25218,"In paragraph 1, the expression ""rhythm of their lives"" suggests that people's lives were filled with--"
reading-endofcourse-practice-2024.js,reading_endofcourse_practice_2024,2.0,multiple-choice,1,19.29908,-6.037425,"Based on paragraph 4, the reader can determine that the sundial was the first timekeeping device to--"
reading-endofcourse-practice-2024.js,reading_endofcourse_practice_2024,3.0,multiple-choice,4,-1.2967054,20.433296,The main idea of paragraph 5 focuses on the concept that water clocks were--
reading-endofcourse-practice-2024.js,reading_endofcourse_practice_2024,4.0,multiple-choice,6,1.849323,7.0480433,This selection supports all these statements about timekeeping EXCEPT--
reading-endofcourse-practice-2024.js,reading_endofcourse_practice_2024,5.0,multiple-choice,6,15.460424,20.970726,"Based on information in the selection, which statement represents the author's opinion?"
reading-endofcourse-practice-2024.js,reading_endofcourse_practice_2024,6.0,multiple-choice,0,-39.279587,2.4896564,Which tone is conveyed in paragraph 1?
reading-endofcourse-practice-2024.js,reading_endofcourse_practice_2024,7.0,multiple-choice,3,-11.208718,25.44218,"Read this sentence from paragraph 3. That facade had evaporated when Jack enlisted, and, Ruth admitted, she liked herself more now than she had in the past. The author's word choice in this sentence highlights the idea that--"
reading-endofcourse-practice-2024.js,reading_endofcourse_practice_2024,8.0,multiple-choice,6,16.074375,18.798141,Why does the author include the flashback in paragraph 9?
reading-endofcourse-practice-2024.js,reading_endofcourse_practice_2024,9.0,multiple-choice,0,-22.282871,5.169868,The details in paragraph 13 contribute to the selection by--
reading-endofcourse-practice-2024.js,reading_endofcourse_practice_2024,10.0,multiple-choice,6,5.5010996,4.751765,"In this selection, Vera's character is best described as a--"
reading-endofcourse-practice-2024.js,reading_endofcourse_practice_2024,11.0,multiple-choice,6,21.86444,8.152359,The author organizes information in paragraph 1 using explanation most likely to--
reading-endofcourse-practice-2024.js,reading_endofcourse_practice_2024,12.0,multiple-choice,1,19.478746,-4.567098,The reader can tell this article is expository because it--
reading-endofcourse-practice-2024.js,reading_endofcourse_practice_2024,13.0,multiple-choice,0,-1.7164416,-4.2752247,How do scientists know that the canals were dry at times?
reading-endofcourse-practice-2024.js,reading_endofcourse_practice_2024,14.0,multiple-choice,3,-19.937946,26.446686,"Read this sentence from paragraph 5. There the salt hay, sawdust, and straw effaced the airborne tang of leather and glue from the nearby shoe factory and muted the call of the ragman. In this sentence, the word effaced means--"
reading-endofcourse-practice-2024.js,reading_endofcourse_practice_2024,15.0,multiple-choice,3,-16.327791,25.645124,"Read this sentence from paragraph 7. Then in fifth grade, Lydia saw a city map and realized her entire world was the smallest finger of Boston's broad hand. The figurative language in the sentence impacts readers by helping them--"
reading-endofcourse-practice-2024.js,reading_endofcourse_practice_2024,16.0,multiple-choice,5,-3.5266287,-30.844229,"Based on this story, the reader may best understand that Lydia--"
reading-endofcourse-practice-2024.js,reading_endofcourse_practice_2024,17.0,multiple-choice,6,12.834473,18.277367,"The author's use of a simile in paragraph 18 of ""Stone Age Skating Experience"" suggests that Greta--"
reading-endofcourse-practice-2024.js,reading_endofcourse_practice_2024,18.0,multiple-choice,3,-14.492382,22.485682,"Which sentence from ""History on Ice"" is least supported by details and would benefit from clarification?"
reading-endofcourse-practice-2024.js,reading_endofcourse_practice_2024,19.0,multiple-choice,4,-1.9842819,15.736422,Both selections express the idea that--
reading-endofcourse-practice-2024.js,reading_endofcourse_practice_2024,20.0,multiple-choice,8,9.007977,-34.821697,The imagery in lines 7-11 of the poem helps the reader--
reading-endofcourse-practice-2024.js,reading_endofcourse_practice_2024,21.0,multiple-choice,8,7.3994637,-32.261806,"In line 21, the speaker uses the word ""lush"" when describing the patch of grass to--"
reading-endofcourse-practice-2024.js,reading_endofcourse_practice_2024,22.0,multiple-choice,8,6.8217125,-37.701275,"In lines 29-33 of the poem, the poet's use of the rhetorical question suggests that the speaker--"
reading-endofcourse-practice-2024.js,reading_endofcourse_practice_2024,23.0,multiple-choice,2,15.454117,-21.32164,The purpose of the imagery in the poem is most likely to —
reading-grade3-2015.js,reading_grade3_2015,1.0,multiple-choice,5,-5.564889,-28.60614,Another good title for this story would be--
reading-grade3-2015.js,reading_grade3_2015,2.0,multiple-choice,0,2.6470625,-6.1815667,Danielle keeps the cupcakes a secret by--
reading-grade3-2015.js,reading_grade3_2015,3.0,multiple-choice,8,0.9086872,-6.2592125,Complete this flow chart with the most appropriate answer for the empty box.
reading-grade3-2015.js,reading_grade3_2015,4.0,multiple-choice,2,19.9646,-18.7811,Danielle is pleased with the surprise most likely because she--
reading-grade3-2015.js,reading_grade3_2015,5.0,multiple-choice,2,19.9646,-18.7811,What will Martin and Madison most likely do next?
reading-grade3-2015.js,reading_grade3_2015,6.0,multiple-choice,8,1.8318404,-4.7855377,Which of these do the characters have in common?
reading-grade3-2015.js,reading_grade3_2015,7.0,multiple-choice,0,-20.703587,2.0338519,"What is the root word in ""discovered""?"
reading-grade3-2015.js,reading_grade3_2015,8.0,multiple-choice,2,19.9646,-18.7811,Some people eat seaweed all by itself because they most likely--
reading-grade3-2015.js,reading_grade3_2015,9.0,multiple-choice,1,25.789577,-4.644971,"Based on the article, seaweed makes ice cream and yogurt--"
reading-grade3-2015.js,reading_grade3_2015,10.0,multiple-choice,7,-14.104258,-7.7615085,Which question is answered in the article?
reading-grade3-2015.js,reading_grade3_2015,11.0,multiple-choice,2,23.53383,5.792764,The author wrote this article most likely to--
reading-grade3-2015.js,reading_grade3_2015,12.0,multiple-choice,2,18.091373,-17.222681,"In an Internet search about oceans, which website would most likely have information about where red seaweed grows?"
reading-grade3-2015.js,reading_grade3_2015,13.0,multiple-choice,2,3.667234,-1.537339,"What makes the secret message appear in ""Lemony Letter""?"
reading-grade3-2015.js,reading_grade3_2015,14.0,multiple-choice,2,14.974697,-18.450169,"In ""Mirror Message"" when the steam in the bathroom is gone, the message will most likely--"
reading-grade3-2015.js,reading_grade3_2015,15.0,multiple-choice,0,-23.7667,2.2775657,"In step 3 of ""Mirror Message,"" what does the word invisible mean?"
reading-grade3-2015.js,reading_grade3_2015,16.0,multiple-choice,2,4.1974034,-1.8572317,"""Lemony Letter"" and ""Mirror Message"" are alike because both--"
reading-grade3-2015.js,reading_grade3_2015,17.0,multiple-choice,2,4.1974034,-1.8572317,"In ""Crazy Crayon,"" it is hard to see the message before painting over it because the message--"
reading-grade3-2015.js,reading_grade3_2015,18.0,multiple-choice,3,2.7887154,3.3275976,One reason to read the flier is to--
reading-grade3-2015.js,reading_grade3_2015,19.0,multiple-choice,6,16.20531,17.327229,The author puts numbers before some sentences in the flier to--
reading-grade3-2015.js,reading_grade3_2015,20.0,multiple-choice,3,-14.514939,23.228966,"Read this sentence and dictionary entry. In the winter, grocery stores charge too much for strawberries. charge (chärj) v. 1. To give orders. 2. To set as a price. 3. To fill up completely. 4. To rush forward."
reading-grade3-2015.js,reading_grade3_2015,21.0,multiple-select,6,0.18438286,0.45092914,Guide words: camera - cause Which two words would appear on the same page as these guide words?
reading-grade3-2015.js,reading_grade3_2015,22.0,multiple-choice,5,11.085639,-19.051472,The title tells readers that a character in the story will most likely--
reading-grade3-2015.js,reading_grade3_2015,23.0,multiple-choice,5,-6.8189692,-30.287544,Paragraph 5 is important to the story because it--
reading-grade3-2015.js,reading_grade3_2015,24.0,multiple-choice,0,3.387464,-5.702974,"After Evan and Mark find the map, they both feel--"
reading-grade3-2015.js,reading_grade3_2015,25.0,multiple-choice,5,-4.300362,-27.887224,Where does this story begin and end?
reading-grade3-2015.js,reading_grade3_2015,26.0,multiple-choice,5,-4.0790434,-31.056843,"Based on the story, where does the map first lead the boys?"
reading-grade3-2015.js,reading_grade3_2015,27.0,multiple-choice,7,-12.994391,-9.099942,Which question is answered at the end of the story?
reading-grade3-2015.js,reading_grade3_2015,28.0,drag-drop,6,0.9141927,1.1842963,Place these words in alphabetical order.
reading-grade3-2015.js,reading_grade3_2015,29.0,multiple-choice,1,21.412928,-6.36651,"Based on paragraph 4, the reader can tell that-"
reading-grade3-2015.js,reading_grade3_2015,30.0,multiple-choice,0,-23.027626,5.298643,Paragraph 6 explains that one way ostriches keep themselves safe is by--
reading-grade3-2015.js,reading_grade3_2015,31.0,multiple-choice,1,18.373848,-0.077458985,What information can be learned by reading the chart at the end of the article?
reading-grade3-2015.js,reading_grade3_2015,32.0,multiple-choice,1,25.789577,-4.644971,"Based on the article, one way the male leader is like the females in the herd is that he helps--"
reading-grade3-2015.js,reading_grade3_2015,33.0,multiple-choice,0,1.2143892,-4.296195,The feathers of an ostrich help the bird--
reading-grade3-2015.js,reading_grade3_2015,34.0,multiple-choice,1,24.046373,1.2195054,"Based on the article, what can the reader most likely tell about ostriches?"
reading-grade3-2015.js,reading_grade3_2015,35.0,multiple-choice,8,8.913631,-32.817307,"After looking at the title, the reader knows that this poem is about--"
reading-grade3-2015.js,reading_grade3_2015,36.0,multiple-choice,0,-21.078747,1.1107033,What does pause mean in line 13?
reading-grade3-2015.js,reading_grade3_2015,37.0,multiple-choice,8,8.01947,-34.999706,"In lines 17-20, the speaker can best be described as--"
reading-grade3-2015.js,reading_grade3_2015,38.0,multiple-choice,8,8.484762,-34.491486,Where is the first place the speaker looks for the shoe?
reading-grade3-2015.js,reading_grade3_2015,39.0,multiple-choice,2,14.979913,-21.95785,"Based on the events in the poem, the shoe was most likely last worn--"
reading-grade3-2015.js,reading_grade3_2015,40.0,multiple-choice,7,-14.016255,-9.936374,Which question is answered in the poem?
reading-grade3-practice-2024.js,reading_endofcourse_practice_2024,1.0,multiple-choice,1,17.923538,-4.806307,The photograph in the article helps the reader understand —
reading-grade3-practice-2024.js,reading_endofcourse_practice_2024,2.0,multiple-choice,0,0.21311082,-5.771307,The cheetah's coat is most useful because it —
reading-grade3-practice-2024.js,reading_endofcourse_practice_2024,3.0,multiple-choice,2,3.6322708,0.8330043,One reason Kelly finishes in third place is because she —
reading-grade3-practice-2024.js,reading_endofcourse_practice_2024,4.0,multiple-choice,5,-7.8362775,-29.642403,Who is telling this story?
reading-grade3-practice-2024.js,reading_endofcourse_practice_2024,5.0,multiple-choice,5,-7.782788,-26.446178,Which sentence best states the theme of the story?
reading-grade3-practice-2024.js,reading_endofcourse_practice_2024,6.0,multiple-choice,4,-2.320613,21.252588,Which sentence best states the main idea of paragraph 1?
reading-grade3-practice-2024.js,reading_endofcourse_practice_2024,7.0,multiple-choice,0,-25.445164,2.790746,Which heading best belongs above paragraph 2?
reading-grade3-practice-2024.js,reading_endofcourse_practice_2024,8.0,multiple-choice,7,-14.44079,-8.777647,Which question is answered in paragraph 2?
reading-grade3-practice-2024.js,reading_endofcourse_practice_2024,9.0,multiple-choice,0,-30.40148,2.7622097,Which word is an antonym for joined as used in paragraph 4?
reading-grade3-practice-2024.js,reading_endofcourse_practice_2024,10.0,multiple-choice,0,-34.966694,2.122652,What does defend mean in paragraph 4?
reading-grade3-practice-2024.js,reading_endofcourse_practice_2024,11.0,multiple-choice,2,23.53383,5.792764,The author wrote this article most likely to —
reading-grade3-practice-2024.js,reading_endofcourse_practice_2024,12.0,multiple-choice,8,7.099143,-35.694527,Which lines show the conflict in the poem?
reading-grade3-practice-2024.js,reading_endofcourse_practice_2024,13.0,multiple-choice,8,7.9543386,-34.50657,The resolution in the poem happens as soon as the speaker —
reading-grade3-practice-2024.js,reading_endofcourse_practice_2024,14.0,multiple-choice,8,7.8984237,-36.081635,Which word best describes the speaker throughout the poem?
reading-grade3-practice-2024.js,reading_endofcourse_practice_2024,15.0,multiple-choice,7,-14.44079,-8.777647,Which question is answered in paragraph 2?
reading-grade3-practice-2024.js,reading_endofcourse_practice_2024,16.0,multiple-choice,4,-1.1880761,21.756683,What is the main idea of paragraph 4?
reading-grade3-practice-2024.js,reading_endofcourse_practice_2024,17.0,multiple-choice,3,-18.703796,23.613539,Read this sentence from paragraph 5. Whole groups of sea otters may be seen floating together. Which word is a homophone for seen ?
reading-grade3-practice-2024.js,reading_endofcourse_practice_2024,18.0,multiple-choice,1,25.789577,-4.644971,"Based on the article, the ocean is a perfect home for the sea otter because the —"
reading-grade3-practice-2024.js,reading_endofcourse_practice_2024,19.0,multiple-choice,1,25.789577,-4.644971,"Based on the article, sea otters can swim well mainly because their —"
reading-grade3-practice-2024.js,reading_endofcourse_practice_2024,20.0,multiple-choice,1,25.789577,-4.644971,"Based on the article, a sea otter finds its favorite foods —"
reading-grade3-practice-2024.js,reading_endofcourse_practice_2024,21.0,multiple-choice,6,4.8144655,6.625835,One purpose of the sea otter's chest is to help the animal —
reading-grade3-practice-2024.js,reading_endofcourse_practice_2024,22.0,multiple-choice,2,22.194117,6.374507,The author uses headings in the article most likely to —
reading-grade3-practice-2024.js,reading_endofcourse_practice_2024,23.0,multiple-choice,1,22.389599,-4.6421523,"Based on the article, what may happen if a sea otter rests far from seaweed?"
reading-grade3-practice-2024.js,reading_endofcourse_practice_2024,24.0,multiple-choice,8,8.288742,-33.607204,Bonnie and Steve are proud in the beginning of the poem because they each —
reading-grade3-practice-2024.js,reading_endofcourse_practice_2024,25.0,multiple-choice,8,10.586653,-34.45967,"Based on the poem, how does Bonnie first find out Steve is selling cherry juice?"
reading-grade3-practice-2024.js,reading_endofcourse_practice_2024,26.0,multiple-choice,7,-14.016255,-9.936374,Which question is answered in the poem?
reading-grade3-practice-2024.js,reading_endofcourse_practice_2024,27.0,multiple-choice,8,8.706116,-31.408298,Which line from the poem is where the reader understands how the problem is solved?
reading-grade3-practice-2024.js,reading_endofcourse_practice_2024,28.0,multiple-choice,0,2.5476646,-5.2616773,How is Bonnie different from Steve?
reading-grade3-practice-2024.js,reading_endofcourse_practice_2024,29.0,multiple-choice,0,1.8094262,-6.357171,Bonnie and Steve end up sharing a stand because they —
reading-grade4-2015.js,reading_grade4_2015,1.0,multiple-choice,7,-14.44079,-8.777647,Which question is answered in paragraph 5?
reading-grade4-2015.js,reading_grade4_2015,2.0,multiple-choice,1,18.68265,-6.3132734,"Based on paragraph 6, Ben's mother may best be described as--"
reading-grade4-2015.js,reading_grade4_2015,3.0,multiple-choice,7,-12.133034,-8.368799,A student asks this question after reading the story. What activity to ben and Mark choose first? Which paragraph answers this question?
reading-grade4-2015.js,reading_grade4_2015,4.0,multiple-choice,5,-1.5022297,-13.010823,Eli shows he wants to be Mark's friend by --
reading-grade4-2015.js,reading_grade4_2015,5.0,multiple-choice,8,-0.8240256,-7.2288017,Ben agrees to go to camp because he--
reading-grade4-2015.js,reading_grade4_2015,6.0,multiple-choice,4,-2.9365523,-23.807064,Which sentence best supports the idea that Ben is excited about summer vacation at the beginning of the story?
reading-grade4-2015.js,reading_grade4_2015,7.0,multiple-choice,2,19.9646,-18.7811,"Once summer is over, the three boys will most likely--"
reading-grade4-2015.js,reading_grade4_2015,8.0,multiple-choice,3,-19.372053,27.477797,Read this sentence from paragraph 2. Mud kept the houses cool from the soaring temperatures. Which word has the same meaning as soaring in this sentence?
reading-grade4-2015.js,reading_grade4_2015,9.0,multiple-choice,7,-13.297597,-8.397036,"Which question is answered in the section titled ""Clothing and Hair""?"
reading-grade4-2015.js,reading_grade4_2015,10.0,multiple-choice,4,-1.1880761,21.756683,What is the main idea of paragraph 6?
reading-grade4-2015.js,reading_grade4_2015,11.0,multiple-choice,8,-3.1500983,-11.185425,Which of these best describes the roof of an ancient Egyptian home?
reading-grade4-2015.js,reading_grade4_2015,12.0,multiple-choice,1,17.164265,-0.24616091,Information from the article shows that the ancient Egyptians were--
reading-grade4-2015.js,reading_grade4_2015,13.0,multiple-choice,3,-14.129683,31.33494,Which sentence about this article is a fact?
reading-grade4-2015.js,reading_grade4_2015,14.0,multiple-choice,1,18.667173,-3.9373305,A student makes these notes about the article. Which of these belongs on the blank line?
reading-grade4-2015.js,reading_grade4_2015,15.0,multiple-choice,2,16.374353,-16.233244,Which sentence is most likely true about the ancient Egyptians?
reading-grade4-2015.js,reading_grade4_2015,16.0,multiple-choice,3,-18.062105,24.36511,"Read this sentence from the flier. Teddy bears, posters, games, stickers, and pencils are just some of the prizes for the luck y winners. In which word does - y mean the same as it does in luck y ?"
reading-grade4-2015.js,reading_grade4_2015,17.0,multiple-choice,1,-4.8271804,1.958087,Complete this list of school fair activities.
reading-grade4-2015.js,reading_grade4_2015,18.0,multiple-choice,0,2.1585505,-3.9230921,Money earned during the fundraisers will be used to pay for--
reading-grade4-2015.js,reading_grade4_2015,19.0,multiple-choice,2,19.9646,-18.7811,The principal will sit in the dunking booth most likely because he wants to--
reading-grade4-2015.js,reading_grade4_2015,20.0,multiple-choice,6,2.776416,16.98382,What is the main reason the author wrote the flier?
reading-grade4-2015.js,reading_grade4_2015,21.0,multiple-choice,3,-15.068733,26.89284,Which sentence about the flier is an opinion?
reading-grade4-2015.js,reading_grade4_2015,22.0,multiple-choice,3,-18.733677,27.692196,"Read this sentence. The factory will manufacture new tractors and other farm machines. In this sentence, the word manufacture means--"
reading-grade4-2015.js,reading_grade4_2015,23.0,multiple-choice,3,-16.076435,24.072723,In which sentence is the underlined word used correctly?
reading-grade4-2015.js,reading_grade4_2015,24.0,multiple-choice,3,-16.291433,28.401716,Select the meaning of rich as used in this sentence. I could barely finish my slice of that rich chocolate cake.
reading-grade4-2015.js,reading_grade4_2015,25.0,multiple-choice,3,-16.739784,23.341211,"Read paragraph 7. ""You won again,"" Sidney muttered, and his head drooped. Which sentence tells why Sidney is acting this way?"
reading-grade4-2015.js,reading_grade4_2015,26.0,multiple-choice,6,19.920143,19.458279,"Read these sentences from paragraph 18. ""No, no,"" argued Alligator. ""I was just yawning."" The author includes this information to show that Alligator is--"
reading-grade4-2015.js,reading_grade4_2015,27.0,multiple-choice,5,-7.626768,-25.63126,Which sentence about the story best shows that Max is careful?
reading-grade4-2015.js,reading_grade4_2015,28.0,multiple-choice,0,1.7911884,-5.61372,Complete this web with the most appropriate option for the blank circle.
reading-grade4-2015.js,reading_grade4_2015,29.0,multiple-choice,5,-7.8362775,-29.642403,Which lesson does Sidney leam in the story?
reading-grade4-2015.js,reading_grade4_2015,30.0,multiple-choice,5,-5.486267,-27.774462,Which detail about the setting is most important to the story?
reading-grade4-2015.js,reading_grade4_2015,31.0,multiple-choice,8,10.783203,-36.031513,"Based on lines 1-4 of the poem, which sentence is correct?"
reading-grade4-2015.js,reading_grade4_2015,32.0,multiple-choice,6,17.744316,14.642359,The author includes lines 7 and 8 to--
reading-grade4-2015.js,reading_grade4_2015,33.0,multiple-choice,0,1.5800802,-8.390718,Which of these are the thieves trying to find?
reading-grade4-2015.js,reading_grade4_2015,34.0,multiple-choice,8,8.8144245,-37.99924,What is the speaker doing in the poem?
reading-grade4-2015.js,reading_grade4_2015,35.0,multiple-choice,0,-34.966694,2.122652,"In paragraph 3, what does crushed mean?"
reading-grade4-2015.js,reading_grade4_2015,36.0,multiple-choice,1,6.8135953,-5.8479314,Which choice best completes this cause-and-effect chart?
reading-grade4-2015.js,reading_grade4_2015,37.0,multiple-choice,3,-14.299114,32.16003,Which sentence about the article is an opinion?
reading-grade4-2015.js,reading_grade4_2015,38.0,multiple-choice,0,-1.9971873,-7.384767,Complete these notes.
reading-grade4-2015.js,reading_grade4_2015,39.0,multiple-choice,6,3.6165783,16.960403,The main reason the author wrote this article is to--
reading-grade4-2015.js,reading_grade4_2015,40.0,multiple-choice,6,-0.49784076,-0.0956081,Which two words are synonyms?
reading-grade4-practice-2024.js,reading_grade4_practice_2024,1.0,multiple-choice,6,5.804346,5.549906,The details in paragraphs 6-8 show--
reading-grade4-practice-2024.js,reading_grade4_practice_2024,2.0,multiple-choice,6,5.920615,6.9606442,Paragraphs 11-14 show that Callie's mother--
reading-grade4-practice-2024.js,reading_grade4_practice_2024,3.0,multiple-choice,0,-39.605225,1.4995476,Paragraph 15 is mostly about the way Callie--
reading-grade4-practice-2024.js,reading_grade4_practice_2024,4.0,multiple-choice,0,0.3246004,-6.9958277,Why does Mrs. Baker need Callie's help?
reading-grade4-practice-2024.js,reading_grade4_practice_2024,5.0,multiple-choice,0,-25.885643,2.494925,Which heading would be best for paragraph 2?
reading-grade4-practice-2024.js,reading_grade4_practice_2024,6.0,multiple-choice,0,-18.908138,2.0988445,Read this dictionary entry. support (sə-pôrt') v. 1. To give help. 2. To hold up. 3. To keep strong. 4. To provide for. Which meaning of support is used in paragraph 4?
reading-grade4-practice-2024.js,reading_grade4_practice_2024,7.0,multiple-choice,6,22.292969,7.953999,The author includes paragraphs 5 and 6 most likely to--
reading-grade4-practice-2024.js,reading_grade4_practice_2024,8.0,multiple-choice,3,-15.494391,27.730145,Which sentence about the Ice Hotel is an opinion?
reading-grade4-practice-2024.js,reading_grade4_practice_2024,9.0,multiple-choice,2,19.9646,-18.7811,Which detail about the hotel most likely attracts visitors' attention?
reading-grade4-practice-2024.js,reading_grade4_practice_2024,10.0,multiple-choice,0,-1.4965036,-6.6794596,Branch Rickey wanted Jackie to be part of the Brooklyn Dodgers because--
reading-grade4-practice-2024.js,reading_grade4_practice_2024,11.0,multiple-choice,2,23.53383,5.792764,The author wrote this article most likely to--
reading-grade4-practice-2024.js,reading_grade4_practice_2024,12.0,multiple-choice,8,10.783203,-36.031513,"Based on lines 1-4 of the poem, which sentence is correct?"
reading-grade4-practice-2024.js,reading_grade4_practice_2024,13.0,multiple-choice,8,8.44097,-35.676136,Lines 5-8 are important to the poem because they reveal--
reading-grade4-practice-2024.js,reading_grade4_practice_2024,14.0,multiple-choice,0,0.7697516,-7.6430836,The thieves are out at night because they are--
reading-grade4-practice-2024.js,reading_grade4_practice_2024,15.0,multiple-choice,8,8.8144245,-37.99924,What is the speaker doing in the poem?
reading-grade4-practice-2024.js,reading_grade4_practice_2024,16.0,multiple-choice,6,17.459116,19.113945,The author includes the first paragraph in order to--
reading-grade4-practice-2024.js,reading_grade4_practice_2024,17.0,multiple-choice,0,-34.966694,2.122652,"Read this paragraph from the introduction. Visitors are cautioned to pay attention to the surroundings while in these areas. This is a wild place with unpredictable weather changes. With miles of woods and few roads, rescue is difficult or impossible. All visitors are responsible for exploring the area safely. What does cautioned mean?"
reading-grade4-practice-2024.js,reading_grade4_practice_2024,18.0,multiple-choice,0,-22.516735,1.8981987,"Read this thesaurus entry. complete adj. - entire, finished, perfect, total. Which word best replaces complete in the ""Hiking Essentials"" section?"
reading-grade4-practice-2024.js,reading_grade4_practice_2024,19.0,multiple-choice,1,18.974575,-0.88872665,"Based on the information in the ""Keep an Eye to the Sky"" section, the reader can tell that the weather--"
reading-grade4-practice-2024.js,reading_grade4_practice_2024,20.0,multiple-choice,6,23.315481,7.7660384,In which section would the author most likely add information about planning when to hike?
reading-grade4-practice-2024.js,reading_grade4_practice_2024,21.0,multiple-choice,3,3.076452,4.8960676,The flier shows that Thatcher National Wilderness Area has all of these EXCEPT--
reading-grade4-practice-2024.js,reading_grade4_practice_2024,22.0,multiple-choice,3,-14.494972,26.226517,Which sentence is the best summary of the flier?
reading-grade4-practice-2024.js,reading_grade4_practice_2024,23.0,multiple-choice,6,19.373205,18.942831,The author includes information about the setting in paragraph 1 to--
reading-grade4-practice-2024.js,reading_grade4_practice_2024,24.0,multiple-choice,6,19.689737,20.40782,Why does the author include paragraph 4?
reading-grade4-practice-2024.js,reading_grade4_practice_2024,25.0,multiple-choice,0,-39.279587,2.4896564,What is paragraph 13 mainly about?
reading-grade4-practice-2024.js,reading_grade4_practice_2024,26.0,multiple-choice,0,1.1657941,-6.860654,Why does Papa tell Benjamin that he can pack two books on the wagon?
reading-grade4-practice-2024.js,reading_grade4_practice_2024,27.0,multiple-choice,3,-3.5836859,-2.432017,Benjamin begins thinking of faraway places when he--
reading-grade4-practice-2024.js,reading_grade4_practice_2024,28.0,multiple-choice,5,-2.1673064,-24.993866,What is the main conflict of the story?
reading-grade4-practice-2024.js,reading_grade4_practice_2024,29.0,multiple-choice,2,3.632232,0.83297914,What is the most important reason Miss Cotter tells Benjamin about Mr. Peters?
reading-grade4-practice-2024.js,reading_grade4_practice_2024,30.0,multiple-choice,2,15.945574,-17.901134,"After Benjamin reads the letter, he most likely feels--"
reading-grade4-practice-2024.js,reading_grade4_practice_2024,31.0,multiple-choice,0,-33.536713,3.3533382,Which word is a synonym for settle as it is used in paragraph 1?
reading-grade4-practice-2024.js,reading_grade4_practice_2024,32.0,multiple-choice,0,-34.966694,2.122652,What does jolt mean in paragraph 2?
reading-grade4-practice-2024.js,reading_grade4_practice_2024,33.0,multiple-choice,7,-14.104258,-7.7615085,"Which question is answered in the ""Searching for a Buried Treasure"" section of the article?"
reading-grade4-practice-2024.js,reading_grade4_practice_2024,34.0,multiple-choice,0,-24.83975,-3.1448658,Paragraph 11 helps the reader to understand that the pioneers--
reading-grade4-practice-2024.js,reading_grade4_practice_2024,35.0,multiple-choice,4,-2.320613,21.252588,Which sentence best states the main idea of paragraph 14?
reading-grade4-practice-2024.js,reading_grade4_practice_2024,36.0,multiple-choice,1,21.502424,-4.4965253,"According to the article, which part of the ship was uncovered first?"
reading-grade4-practice-2024.js,reading_grade4_practice_2024,37.0,multiple-choice,0,-17.38769,20.61033,In which word does - al have the same meaning as it does in sign al ?
reading-grade4-practice-2024.js,reading_grade4_practice_2024,38.0,multiple-choice,1,18.544842,-4.6935654,"According to the article, the objects that were discovered showed--"
reading-grade4-practice-2024.js,reading_grade4_practice_2024,39.0,multiple-choice,2,15.945574,-17.901134,The accident most likely happened because the--
reading-grade4-practice-2024.js,reading_grade4_practice_2024,40.0,multiple-choice,6,15.016591,22.823135,Which sentence did the author include in the article to suggest that the project was expensive?
reading-grade4-practice-2024.js,reading_grade4_practice_2024,41.0,multiple-choice,2,23.53383,5.792764,The author most likely wrote the article to--
reading-grade4-practice-2024.js,reading_grade4_practice_2024,42.0,multiple-choice,4,-0.32287428,16.433933,The article supports the idea that--
reading-grade5-2015.js,reading_grade5_2015,1.0,multiple-choice,0,-37.751675,1.9021229,What does the word devised mean in paragraph 2?
reading-grade5-2015.js,reading_grade5_2015,2.0,multiple-choice,5,-3.3112192,-27.992981,"At the beginning of the story, what does Charlie think about the morning news program?"
reading-grade5-2015.js,reading_grade5_2015,3.0,multiple-choice,0,-0.3459956,-8.444458,"Charlie's mother calls him an ""experimenter"" because he--"
reading-grade5-2015.js,reading_grade5_2015,4.0,multiple-choice,8,-3.5495195,-10.711597,What happens as Charlie walks to his classroom?
reading-grade5-2015.js,reading_grade5_2015,5.0,multiple-choice,4,-1.129591,19.162687,Why does Charlie wait until after school to share his idea with Mrs. Barnes?
reading-grade5-2015.js,reading_grade5_2015,6.0,multiple-choice,2,11.214767,-19.010817,"Based on the ending of the story, what will Charlie most likely do during the next school news program?"
reading-grade5-2015.js,reading_grade5_2015,7.0,multiple-choice,0,-25.560343,3.5121589,Which would be the best heading for paragraph 2?
reading-grade5-2015.js,reading_grade5_2015,8.0,multiple-choice,6,12.387753,14.507726,How is the information in paragraphs 5 and 6 organized?
reading-grade5-2015.js,reading_grade5_2015,9.0,multiple-choice,4,-3.646015,17.581116,Which sentence supports the idea that blobfish are rarely seen by people?
reading-grade5-2015.js,reading_grade5_2015,10.0,multiple-choice,1,23.390142,4.481775,"Based on this article, what does the author most likely believe?"
reading-grade5-2015.js,reading_grade5_2015,11.0,multiple-choice,3,-14.734976,31.771782,Which sentence from the article is an opinion?
reading-grade5-2015.js,reading_grade5_2015,12.0,multiple-choice,3,-19.60768,25.50646,"Read this sentence from paragraph 3. On the drive from Arlington that morning, Rachel listened to her family's excited chatter about their trip. Which word would be the best synonym for the word chatter as it is used in this sentence?"
reading-grade5-2015.js,reading_grade5_2015,13.0,multiple-choice,8,1.6011539,-7.51904,"As Rachel approaches the camp activity areas, she discovers that all of them--"
reading-grade5-2015.js,reading_grade5_2015,14.0,multiple-choice,5,-2.1673064,-24.993866,Rachel's main conflict in the story is with--
reading-grade5-2015.js,reading_grade5_2015,15.0,multiple-choice,0,-2.5127475,-6.335905,What changes Rachel's mind about the camp?
reading-grade5-2015.js,reading_grade5_2015,16.0,multiple-choice,0,1.1143488,-5.6415024,Rachel wants to stay home for the summer because she--
reading-grade5-2015.js,reading_grade5_2015,17.0,multiple-choice,0,-0.12835492,-7.584754,Which quality do Lyla and Sarah share?
reading-grade5-2015.js,reading_grade5_2015,18.0,multiple-choice,1,19.9636,-4.1664224,"Based on the recipe, a reader should consider cooking syrup in order to--"
reading-grade5-2015.js,reading_grade5_2015,19.0,multiple-choice,3,-13.6798115,31.549597,Which sentence is a fact based on the recipe?
reading-grade5-2015.js,reading_grade5_2015,20.0,multiple-choice,6,13.287082,15.17487,"If the author had included reasons for using honey instead of sugar, in which section would it appear?"
reading-grade5-2015.js,reading_grade5_2015,21.0,multiple-choice,4,-3.9076042,-3.2567225,"If a person wants extra flavor in the syrup, at which step in the recipe would lemon juice be added?"
reading-grade5-2015.js,reading_grade5_2015,22.0,multiple-select,3,-0.59961796,-0.37349072,Which words from this history textbook are synonyms?
reading-grade5-2015.js,reading_grade5_2015,23.0,multiple-choice,3,-14.745345,24.579405,Which sentence contains an example of figurative language?
reading-grade5-2015.js,reading_grade5_2015,24.0,multiple-choice,3,-4.5131397,17.059513,Read this dictionary entry. prime (prīm) adj 1. Of main importance. 2. Of the finest quality. 3. Evenly divisible only by itself and one. n. 4. A time of strength or success in a person's life. Which sentence is an example of definition 2?
reading-grade5-2015.js,reading_grade5_2015,25.0,multiple-choice,4,-3.268144,17.311209,"Read this sentence from paragraph 6. Since catching a glimpse of Earth from space will be the main reason most guests want to travel to a space hotel, they will be able to open and close viewing windows and watch as the hotel orbits Earth 15 times a day. Which word is a homophone for main ?"
reading-grade5-2015.js,reading_grade5_2015,26.0,multiple-choice,6,5.804345,5.5499053,Paragraphs 6 and 7 mainly provide details about the--
reading-grade5-2015.js,reading_grade5_2015,27.0,multiple-choice,1,12.395183,-5.289208,What would an illustration of the outside of the space hotel best help the reader understand?
reading-grade5-2015.js,reading_grade5_2015,28.0,multiple-choice,1,21.625063,-3.4467492,"According to the article, how many guests will the first space hotel hold at one time?"
reading-grade5-2015.js,reading_grade5_2015,29.0,multiple-choice,1,25.789577,-4.644971,"Based on the article, space hotel guests would wear Velcro suits mainly to--"
reading-grade5-2015.js,reading_grade5_2015,30.0,multiple-choice,3,-13.67777,32.06323,Which sentence would best belong in a summary of the article?
reading-grade5-2015.js,reading_grade5_2015,31.0,multiple-choice,1,6.8846607,-6.1283417,What is the effect of the cause shown below? Cause: Four companies form Galactic Suite Limited.
reading-grade5-2015.js,reading_grade5_2015,32.0,multiple-choice,5,-1.5844258,-12.38826,What is the best title for these notes? Receive 16 weeks of astronaut training Experience conditions of life in space Take a day-and-a-half spacecraft trip
reading-grade5-2015.js,reading_grade5_2015,33.0,multiple-choice,4,-0.07015894,21.251688,The main idea of the article is that space travel--
reading-grade5-2015.js,reading_grade5_2015,34.0,multiple-choice,0,-23.106852,1.8029317,"What is the root word in ""weightlessness""?"
reading-grade5-2015.js,reading_grade5_2015,35.0,multiple-choice,2,15.569618,-20.757326,The poet includes lines 1 and 2 most likely to--
reading-grade5-2015.js,reading_grade5_2015,36.0,multiple-choice,0,-2.339892,-5.116739,Nellie Bly writes about her journey for New York World because she wants to--
reading-grade5-2015.js,reading_grade5_2015,37.0,multiple-choice,2,19.9646,-18.7811,Nellie Bly's boss most likely believes that women--
reading-grade5-2015.js,reading_grade5_2015,38.0,multiple-choice,7,-11.326537,-7.8438478,Which question presents one problem Nellie faced during her trip?
reading-grade5-2015.js,reading_grade5_2015,39.0,multiple-choice,8,7.1969147,-34.791527,Which of these is the best summary of the poem?
reading-grade5-2015.js,reading_grade5_2015,40.0,multiple-choice,0,-20.038681,1.9614547,Which root word has a prefix and a suffix?
reading-grade5-practice-2024.js,reading_grade5_practice_2024,1.0,multiple-choice,6,18.614416,20.491495,The author's purpose in the first paragraph is to--
reading-grade5-practice-2024.js,reading_grade5_practice_2024,2.0,multiple-choice,0,-22.924902,4.351978,Read these sentences from paragraph 3. Jefferson brought seeds and plants back from his travels. He even tried to grow broccoli from Italy and peppers from Mexico. Which word from a glossary entry best describes Jefferson's plants in these sentences?
reading-grade5-practice-2024.js,reading_grade5_practice_2024,3.0,multiple-choice,4,-2.2126577,16.267101,The idea that Monticello continues to attract attention is best supported by the fact that--
reading-grade5-practice-2024.js,reading_grade5_practice_2024,4.0,multiple-choice,1,21.502424,-4.4965253,"According to the article, how was Jefferson different from most American farmers of his time?"
reading-grade5-practice-2024.js,reading_grade5_practice_2024,5.0,multiple-choice,0,-37.751675,1.9021229,"In paragraph 7, what does the word rifling mean?"
reading-grade5-practice-2024.js,reading_grade5_practice_2024,6.0,multiple-choice,5,-4.88613,-28.527868,The resolution of the story occurs when Leroy--
reading-grade5-practice-2024.js,reading_grade5_practice_2024,7.0,multiple-choice,5,0.44838813,-12.528172,Leroy first begins to understand the value of hard work when he--
reading-grade5-practice-2024.js,reading_grade5_practice_2024,8.0,multiple-choice,0,0.2553468,-5.131747,"After Leroy decides to help Grandma Etta, why must they wait several days before making the soup?"
reading-grade5-practice-2024.js,reading_grade5_practice_2024,9.0,multiple-choice,0,3.2063577,-7.0009418,Leroy performed all of these chores for Grandma Etta EXCEPT--
reading-grade5-practice-2024.js,reading_grade5_practice_2024,10.0,multiple-choice,5,-3.8205512,-28.910603,"If the story were told from Grandma Etta's point of view, the reader would understand why--"
reading-grade5-practice-2024.js,reading_grade5_practice_2024,11.0,multiple-choice,4,-2.2126577,16.267101,The idea that ancient people had powerful imaginations is supported by the fact that they--
reading-grade5-practice-2024.js,reading_grade5_practice_2024,12.0,multiple-choice,4,-0.07015894,21.251688,The main idea of the article is that the one-horned deer —
reading-grade5-practice-2024.js,reading_grade5_practice_2024,13.0,multiple-choice,1,19.271872,-3.2883725,Which detail would best belong in a summary of the article?
reading-grade5-practice-2024.js,reading_grade5_practice_2024,14.0,multiple-choice,8,7.1969147,-34.791527,Which of these is the best summary of the poem?
reading-grade5-practice-2024.js,reading_grade5_practice_2024,15.0,multiple-choice,1,15.991962,-5.0231943,"In ""Born in the Desert,"" the reader can tell that Rahim first becomes nervous when he--"
reading-grade5-practice-2024.js,reading_grade5_practice_2024,16.0,multiple-choice,3,-14.484617,24.322657,"Which sentence from ""Born in the Desert"" is the best example of a comparison?"
reading-grade5-practice-2024.js,reading_grade5_practice_2024,17.0,multiple-choice,1,8.094289,-5.6933465,"Read this list. According to ""Buddies Make a Difference,"" which activity belongs on the list?"
reading-grade5-practice-2024.js,reading_grade5_practice_2024,18.0,multiple-choice,0,-0.26366508,-3.3534489,"Fifth graders are buddies in ""Buddies Make a Difference"" because they--"
reading-grade5-practice-2024.js,reading_grade5_practice_2024,19.0,multiple-choice,0,1.4485347,-3.3897703,"Rahim from ""Born in the Desert"" and Tim from ""Buddies Make a Difference"" both--"
reading-grade5-practice-2024.js,reading_grade5_practice_2024,20.0,multiple-choice,4,-0.80620766,20.40786,"What is the main idea of the section titled ""Prospecting: Then and Now""?"
reading-grade5-practice-2024.js,reading_grade5_practice_2024,21.0,multiple-choice,4,-1.5477811,15.879472,"According to step 3 of the ""Panning Instructions"" section, the main effect of swirling the pan in the water is to--"
reading-grade5-practice-2024.js,reading_grade5_practice_2024,22.0,multiple-choice,6,6.79159,8.708377,"Which detail would be the least important to include in a summary of the section ""Panning Instructions""?"
reading-grade5-practice-2024.js,reading_grade5_practice_2024,23.0,multiple-choice,8,7.535461,-33.211853,"In addition to providing light to visitors, using electric power lines in the mine will--"
reading-grade5-practice-2024.js,reading_grade5_practice_2024,24.0,multiple-choice,1,22.949068,-3.7370996,"Based on the ""Panning Instructions"" section, everything may fall out of the pan if the--"
reading-grade5-practice-2024.js,reading_grade5_practice_2024,25.0,multiple-choice,6,12.137637,13.226059,"If the author added additional questions about panning to the ""Frequently Asked Questions"" section, which would be least useful to the reader?"
reading-grade5-practice-2024.js,reading_grade5_practice_2024,26.0,multiple-choice,0,-31.994759,3.0683076,"What does the word processing mean in the section ""How long should I plan to stay at the mine""?"
reading-grade5-practice-2024.js,reading_grade5_practice_2024,27.0,multiple-choice,1,22.949068,-3.7370996,"Based on the brochure, which location is NOT a place prospectors mine for minerals?"
reading-grade5-practice-2024.js,reading_grade5_practice_2024,28.0,multiple-choice,1,21.625063,-3.4467492,"According to the article, which activity is done by both visitors and staff?"
reading-grade5-practice-2024.js,reading_grade5_practice_2024,29.0,multiple-choice,1,14.184593,-4.3880825,"According to the brochure, visitors should swirl the pans slowly because the--"
reading-grade5-practice-2024.js,reading_grade5_practice_2024,30.0,multiple-choice,6,20.291569,18.767403,In which part of the brochure would the author include the names of local jewelers who work with gemstones?
reading-grade5-practice-2024.js,reading_grade5_practice_2024,31.0,multiple-choice,6,-0.5238336,-0.17527518,Which two words from the brochure are antonyms?
reading-grade5-practice-2024.js,reading_grade5_practice_2024,32.0,multiple-choice,0,-31.993887,1.958757,"Read this thesaurus entry. scrub v. - clean, erase, polish, scrap. Which word best replaces scrub in paragraph 6?"
reading-grade5-practice-2024.js,reading_grade5_practice_2024,33.0,multiple-choice,3,-18.2209,28.39769,"Read this sentence from paragraph 7. Then she breezed around the mess, burst out the front door, and escaped. Which meaning of burst is used in this sentence?"
reading-grade5-practice-2024.js,reading_grade5_practice_2024,34.0,multiple-choice,0,2.2527218,-7.0058117,Maddy tosses her brother's backpack on the floor because she--
reading-grade5-practice-2024.js,reading_grade5_practice_2024,35.0,multiple-choice,2,19.9646,-18.7811,Maddy goes to the game most likely because she--
reading-grade5-practice-2024.js,reading_grade5_practice_2024,36.0,multiple-choice,5,-3.7883153,-27.399927,Which phrase from the story tells the most about the setting?
reading-grade5-practice-2024.js,reading_grade5_practice_2024,37.0,multiple-choice,3,-7.0390143,-24.306566,Which sentence from the story contains an example of figurative language?
reading-grade5-practice-2024.js,reading_grade5_practice_2024,38.0,multiple-choice,5,-2.1673064,-24.993866,The main conflict in the story is that Maddy--
reading-grade6-2015.js,reading_grade6_2015,1.0,multiple-choice,3,-15.921489,26.074175,"Read this sentence from paragraph 2. Julia relaxed, thinking Mr. Malone would let another tardy slide by. What does this sentence suggest?"
reading-grade6-2015.js,reading_grade6_2015,2.0,multiple-choice,0,-39.605225,1.4995476,"In paragraph 6, Julia's response to the news that she cannot attend the field trip best indicates that she--"
reading-grade6-2015.js,reading_grade6_2015,3.0,multiple-choice,2,16.39247,-18.846897,"In paragraph 12, which topic do the adults most likely discuss before Julia arrives?"
reading-grade6-2015.js,reading_grade6_2015,4.0,multiple-choice,0,-34.966694,2.122652,"In paragraph 14, what does acknowledgment mean?"
reading-grade6-2015.js,reading_grade6_2015,5.0,multiple-choice,0,-38.63783,0.3149531,Which word in paragraph 17 signals a generalization?
reading-grade6-2015.js,reading_grade6_2015,6.0,multiple-choice,1,6.7531524,-6.2311773,Select the appropriate effect of the cause listed below. Cause: Julia is tardy three times.
reading-grade6-2015.js,reading_grade6_2015,7.0,multiple-choice,2,15.411447,-18.638033,Which statement is most likely true about Julia's dad?
reading-grade6-2015.js,reading_grade6_2015,8.0,multiple-choice,2,16.469046,-16.166195,Which sentence states the most likely reason Julia is allowed to go on the field trip?
reading-grade6-2015.js,reading_grade6_2015,9.0,multiple-choice,5,-4.3533664,-29.332098,"At the end of the story, the reader may best conclude that the biggest reward for Julia is--"
reading-grade6-2015.js,reading_grade6_2015,10.0,multiple-choice,6,14.958293,16.222488,"Which information would best be included in ""The Mystery of Mountain Lake"" section?"
reading-grade6-2015.js,reading_grade6_2015,11.0,multiple-choice,4,1.2393081,17.0085,"According to information in paragraph 4, the main goal of Mountain Lake Conservancy is to--"
reading-grade6-2015.js,reading_grade6_2015,12.0,multiple-choice,0,-25.84656,3.495126,Which heading would be best for paragraph 5?
reading-grade6-2015.js,reading_grade6_2015,13.0,multiple-choice,6,19.083355,19.653708,The author organizes information in paragraph 6 by--
reading-grade6-2015.js,reading_grade6_2015,14.0,multiple-choice,1,22.987803,-4.5505095,"Based on the article, the mystery at Mountain Lake was difficult to solve since the cause of the changing water levels was--"
reading-grade6-2015.js,reading_grade6_2015,15.0,multiple-choice,2,21.883081,7.416562,"The author refers to the hotel as ""The historical Mountain Lake Hotel"" most likely because of its--"
reading-grade6-2015.js,reading_grade6_2015,16.0,multiple-choice,2,14.05995,-17.173586,"According to the article, the most likely reason visitors return to the Mountain Lake Hotel is to--"
reading-grade6-2015.js,reading_grade6_2015,17.0,multiple-choice,3,-14.299114,32.16003,Which sentence from the article states an opinion?
reading-grade6-2015.js,reading_grade6_2015,18.0,multiple-choice,0,-31.184772,3.8203375,"Which word means ""to be continually engaged in close, careful study""?"
reading-grade6-2015.js,reading_grade6_2015,19.0,multiple-choice,6,17.124271,13.827606,"The author's use of the word ""flying"" in the title best shows that the speaker--"
reading-grade6-2015.js,reading_grade6_2015,20.0,multiple-choice,8,9.473147,-37.12821,"Read lines 4-5 from the poem. My sled and I are like one creature; We lean together in the turns, Based on these lines, the speaker's closeness to the sled shows the speaker is--"
reading-grade6-2015.js,reading_grade6_2015,21.0,multiple-select,8,-3.6196356,-10.714978,Which two words are the best synonyms for lumber in line 18?
reading-grade6-2015.js,reading_grade6_2015,22.0,multiple-choice,8,8.02541,-32.216866,Which line best suggests that the speaker has been down the hill in the past?
reading-grade6-2015.js,reading_grade6_2015,23.0,multiple-choice,2,16.256212,-21.398129,What will the speaker most likely do next?
reading-grade6-2015.js,reading_grade6_2015,24.0,multiple-choice,3,-15.906737,28.033995,"Read this sentence. A small vice in Craig's writing style is his habit of not explaining his ideas, but he can improve his skills with increased effort. What is the meaning of vice in this sentence?"
reading-grade6-2015.js,reading_grade6_2015,25.0,multiple-choice,0,-27.239553,3.7281094,"Which word comes from a root that means ""to try""?"
reading-grade6-2015.js,reading_grade6_2015,26.0,multiple-choice,7,-14.44079,-8.777647,Which question is answered in the first paragraph?
reading-grade6-2015.js,reading_grade6_2015,27.0,multiple-choice,6,14.958293,16.222488,"What information could best be added to the section ""Clip, Save, and Win""?"
reading-grade6-2015.js,reading_grade6_2015,28.0,multiple-choice,3,-17.591293,26.985395,"Read this sentence from ""Win a Lions T-Shirt."" Just fill out this form, drop it off at the school store, and listen to the announce ments every morning. In which word does - ment have the same meaning as it does in announce ment ?"
reading-grade6-2015.js,reading_grade6_2015,29.0,multiple-choice,6,4.813792,6.6233478,What is the purpose of the Lion's Den?
reading-grade6-2015.js,reading_grade6_2015,30.0,multiple-select,8,0.06911375,-6.370321,Complete these notes. Ways the Lion's Den tries to persuade students to visit the school store:
reading-grade6-2015.js,reading_grade6_2015,31.0,multiple-choice,0,2.5504067,-7.919507,The school store will most benefit students who--
reading-grade6-2015.js,reading_grade6_2015,32.0,multiple-choice,3,-12.444056,26.351244,Which sentence states a fact about the information in the flier?
reading-grade6-2015.js,reading_grade6_2015,33.0,multiple-choice,0,-39.605225,1.4995476,Paragraph 1 indicates that therapy dogs can work with children who--
reading-grade6-2015.js,reading_grade6_2015,34.0,multiple-choice,7,-14.44079,-8.777647,Which question is answered in paragraph 2?
reading-grade6-2015.js,reading_grade6_2015,35.0,multiple-choice,0,-37.04768,1.3169075,"In paragraph 4, the word circumstances means--"
reading-grade6-2015.js,reading_grade6_2015,36.0,multiple-choice,1,21.498554,-6.9732847,Which paragraph in the article discusses the role of the dog's handler during a therapy session?
reading-grade6-2015.js,reading_grade6_2015,37.0,multiple-choice,1,24.04358,1.2764454,"Based on the article, what might a child most likely be able to do after several reading therapy sessions?"
reading-grade6-2015.js,reading_grade6_2015,38.0,multiple-choice,1,12.568085,-5.269792,What may the reader conclude about birds in reading therapy programs?
reading-grade6-2015.js,reading_grade6_2015,39.0,multiple-choice,1,15.702675,-4.2019963,This article answers all these questions EXCEPT--
reading-grade6-2015.js,reading_grade6_2015,40.0,multiple-choice,0,-31.993887,1.958757,"Read this thesaurus entry. slumped v. -- Slid, sank, tumbled, crashed. Which word best replaces slumped in paragraph 5?"
reading-grade6-2015.js,reading_grade6_2015,41.0,multiple-choice,3,-17.376995,25.511757,Which sentence is the best summary of paragraph 10?
reading-grade6-2015.js,reading_grade6_2015,42.0,multiple-select,6,6.2638445,6.791039,Use paragraphs 13 and 14 to complete this web.
reading-grade6-2015.js,reading_grade6_2015,43.0,multiple-choice,4,6.6667466,-5.622788,What could be the cause of the effect shown? Effect: Anthony suddenly remembers Field Day.
reading-grade6-2015.js,reading_grade6_2015,44.0,multiple-choice,5,-7.626768,-25.63126,Which sentence from the story best shows that Anthony can be responsible?
reading-grade6-2015.js,reading_grade6_2015,45.0,multiple-choice,0,-19.992115,0.7665928,What does the title mean?
reading-grade6-practice-2024.js,reading_grade6_practice_2024,1.0,multiple-choice,5,-2.9032137,-27.60849,Quinterro's thoughts in paragraphs 1 and 2 most contribute to the plot of the story by--
reading-grade6-practice-2024.js,reading_grade6_practice_2024,2.0,multiple-choice,0,-34.686283,3.4347496,"The word binoculars in paragraph 17 comes from the Latin word ocular , which means--"
reading-grade6-practice-2024.js,reading_grade6_practice_2024,3.0,multiple-choice,5,-2.1673064,-24.993866,What is the main conflict of the story?
reading-grade6-practice-2024.js,reading_grade6_practice_2024,4.0,multiple-choice,5,-6.8074007,-25.919815,Which sentence best expresses the theme of the story?
reading-grade6-practice-2024.js,reading_grade6_practice_2024,5.0,multiple-choice,6,12.773273,16.921207,The author's purpose for including paragraph 2 is to explain--
reading-grade6-practice-2024.js,reading_grade6_practice_2024,6.0,multiple-choice,6,16.801653,19.563469,"In paragraph 6, the author explains that lava —"
reading-grade6-practice-2024.js,reading_grade6_practice_2024,7.0,multiple-choice,3,-16.97618,24.224543,Which sentence best summarizes paragraph 10?
reading-grade6-practice-2024.js,reading_grade6_practice_2024,8.0,multiple-choice,3,-14.555727,31.40587,Which sentence from the article states an opinion about the Ring of Fire?
reading-grade6-practice-2024.js,reading_grade6_practice_2024,9.0,multiple-choice,1,25.242744,-3.5056007,"Based on the article, the reader can determine that volcanic activity--"
reading-grade6-practice-2024.js,reading_grade6_practice_2024,10.0,multiple-choice,3,-10.822015,26.517618,"Read this sentence from paragraph 1. Once again her room looked like a whirlwind had blown through it, and she knew exactly who the culprit was. The author uses hyperbole in this sentence to--"
reading-grade6-practice-2024.js,reading_grade6_practice_2024,11.0,multiple-choice,0,-37.432175,0.54021776,"In paragraph 2, the word appraise means--"
reading-grade6-practice-2024.js,reading_grade6_practice_2024,12.0,multiple-choice,6,19.069202,18.147415,The author includes paragraphs 11-13 mainly to--
reading-grade6-practice-2024.js,reading_grade6_practice_2024,13.0,multiple-choice,0,-24.361736,1.8681864,The empty swing in paragraph 15 leads Alice to the resolution by helping her realize--
reading-grade6-practice-2024.js,reading_grade6_practice_2024,14.0,multiple-choice,6,17.376091,16.916082,The author chooses to use this point of view because--
reading-grade6-practice-2024.js,reading_grade6_practice_2024,15.0,multiple-choice,3,-12.967813,23.210182,Which sentence best summarizes lines 15-17?
reading-grade6-practice-2024.js,reading_grade6_practice_2024,16.0,multiple-choice,8,8.804319,-36.08957,The setting of the poem affects the speaker by--
reading-grade6-practice-2024.js,reading_grade6_practice_2024,17.0,multiple-choice,8,8.881881,-31.536842,The reader knows that the speaker's point of view has changed since her last visit to the island because she--
reading-grade6-practice-2024.js,reading_grade6_practice_2024,18.0,multiple-choice,0,-26.415268,-2.665906,"The Latin word internalis means ""extending to the interior."" In paragraph 1 of the article, internal means--"
reading-grade6-practice-2024.js,reading_grade6_practice_2024,19.0,multiple-choice,0,-33.134342,1.7174773,Which word is a synonym for fatigue in paragraph 3?
reading-grade6-practice-2024.js,reading_grade6_practice_2024,20.0,multiple-choice,0,-23.895409,4.6161795,Paragraph 7 is organized by using--
reading-grade6-practice-2024.js,reading_grade6_practice_2024,21.0,multiple-choice,1,25.789577,-4.644971,"Based on the article, plants unfold their leaves to--"
reading-grade6-practice-2024.js,reading_grade6_practice_2024,22.0,multiple-choice,6,12.260081,19.38635,The author's word choice in paragraph 1 introduces a tone of--
reading-grade6-practice-2024.js,reading_grade6_practice_2024,23.0,multiple-choice,6,11.473932,19.500122,Which word in paragraph 18 does the author use to influence the reader's attitude about Sydney?
reading-grade6-practice-2024.js,reading_grade6_practice_2024,24.0,multiple-choice,2,11.571396,-19.643583,Jada most likely smiles at the end of the story because she--
reading-grade6-practice-2024.js,reading_grade6_practice_2024,25.0,multiple-choice,0,0.94220054,-4.9964385,Zach knows that Jada is not as meek as she seems because she —
reading-grade6-practice-2024.js,reading_grade6_practice_2024,26.0,multiple-choice,0,0.48905846,-4.1370096,Zach discusses eclipses with Jada because--
reading-grade6-practice-2024.js,reading_grade6_practice_2024,27.0,multiple-choice,5,-3.107495,-30.669157,"Based on information in the story, the reader understands that Zach--"
reading-grade6-practice-2024.js,reading_grade6_practice_2024,28.0,multiple-choice,5,-6.9874487,-26.189138,Which sentence best expresses a theme of the story?
reading-grade6-practice-2024.js,reading_grade6_practice_2024,29.0,multiple-choice,5,-4.962111,-28.152159,Zach's character is important to the story because he--
reading-grade7-2015.js,reading_grade7_2015,,multiple-choice,6,18.145363,19.114487,"In paragraph 4, the author includes the detail of Mrs. Parker sounding ""a little too patient"" to suggest that —"
reading-grade7-2015.js,reading_grade7_2015,,multiple-choice,3,-16.89669,21.731909,"Read this sentence from paragraph 7. ""They're fiction al , of course, but I want to name them after real places that nobody knows much about."" In which word does the suffix - al have the same meaning as it does in fiction al ?"
reading-grade7-2015.js,reading_grade7_2015,,multiple-choice,0,-30.802284,1.8066493,Which word in paragraph 17 conveys Jared's embarrassment?
reading-grade7-2015.js,reading_grade7_2015,,multiple-choice,0,2.9147089,-4.4967713,Complete this web.
reading-grade7-2015.js,reading_grade7_2015,,multiple-choice,5,-2.8179386,-24.903433,"In this story, Jared's main conflict can be described as —"
reading-grade7-2015.js,reading_grade7_2015,,multiple-choice,5,-4.7412243,-26.84528,"In a summary of this story, the most important detail to include is how Jared —"
reading-grade7-2015.js,reading_grade7_2015,,multiple-choice,5,-5.0502954,-27.63151,"By the end of the story, readers can best predict that Jared will —"
reading-grade7-2015.js,reading_grade7_2015,,multiple-choice,6,19.689737,20.40782,Why does the author include paragraph 1?
reading-grade7-2015.js,reading_grade7_2015,,multiple-choice,0,-34.966694,2.122652,What does domesticated mean in paragraph 2?
reading-grade7-2015.js,reading_grade7_2015,,multiple-choice,0,-34.16706,1.0981901,"In paragraph 4, reverence means —"
reading-grade7-2015.js,reading_grade7_2015,,multiple-choice,6,15.037291,22.849697,Read this sentence from paragraph 4. The Egyptians did not wish to harm the animals. Why does the author include this detail in the article?
reading-grade7-2015.js,reading_grade7_2015,,multiple-choice,0,-20.830196,3.4867918,Which statement best summarizes paragraph 5?
reading-grade7-2015.js,reading_grade7_2015,,multiple-choice,0,-32.072906,4.1564198,Which word from paragraph 7 best shows how Maus are viewed in Egypt today?
reading-grade7-2015.js,reading_grade7_2015,,multiple-choice,1,21.625063,-3.4467492,"According to the article, cats started gaining acceptance in Egypt when —"
reading-grade7-2015.js,reading_grade7_2015,,multiple-choice,7,-1.6807772,-0.06857161,What problem do Maus currently experience in Egypt?
reading-grade7-2015.js,reading_grade7_2015,,multiple-choice,1,16.738878,0.08401702,Which paragraph from the article offers the most useful information for a report about how groups help animals?
reading-grade7-2015.js,reading_grade7_2015,,multiple-choice,4,-0.68491805,15.842716,Which idea from the article offers the best support for a presentation about the effect pets can have on owners?
reading-grade7-2015.js,reading_grade7_2015,,multiple-choice,2,4.4516735,-2.0273435,The pine thinks the oak should be ashamed because the oak —
reading-grade7-2015.js,reading_grade7_2015,,multiple-choice,2,15.11416,-22.081215,"Based on the details in this poem, the oak tree and pine tree are most likely located —"
reading-grade7-2015.js,reading_grade7_2015,,multiple-choice,8,7.5021205,-33.77308,Who is the narrator in this poem?
reading-grade7-2015.js,reading_grade7_2015,,multiple-choice,2,14.874,-21.816717,"Based on the end of the poem, what will most likely happen in the future?"
reading-grade7-2015.js,reading_grade7_2015,,multiple-choice,3,-3.5766654,-1.2938418,The trees speaking to each other is an example of —
reading-grade7-2015.js,reading_grade7_2015,,multiple-choice,8,6.4507256,-33.94375,Which of these is a theme of this poem?
reading-grade7-2015.js,reading_grade7_2015,,multiple-choice,1,-23.152767,-2.0275297,"The word sympathy comes from Greek roots that mean ""similar emotion."" Based on the Greek roots, which is the best example of sympathy ?"
reading-grade7-2015.js,reading_grade7_2015,,multiple-choice,6,19.083355,19.653708,The author organizes the information in paragraph 3 by —
reading-grade7-2015.js,reading_grade7_2015,,multiple-choice,3,-19.570992,24.033098,Read this sentence from paragraph 6. His influence is evident; many painters mimic his style and use of color and texture. Which word is a synonym for mimic ?
reading-grade7-2015.js,reading_grade7_2015,,multiple-choice,6,21.635193,19.786058,Which of these does the author seem to admire most about van Gogh's paintings?
reading-grade7-2015.js,reading_grade7_2015,,multiple-choice,1,26.437069,-3.6174726,"Based on the article, van Gogh learned how to paint by —"
reading-grade7-2015.js,reading_grade7_2015,,multiple-choice,6,15.946195,16.432604,The author includes a photograph of The Starry Night in order to —
reading-grade7-2015.js,reading_grade7_2015,,multiple-choice,6,13.972355,17.842165,Which word does the author use to show a contrast? Yet van Gogh today is considered one of the greatest artists of all time .
reading-grade7-2015.js,reading_grade7_2015,,multiple-choice,0,-19.461458,3.3799121,"Which paragraph would be most useful for writing a report titled ""A Detailed Look at van Gogh's Most Famous Works""?"
reading-grade7-2015.js,reading_grade7_2015,,multiple-choice,6,15.427755,18.856346,"The author's word choice in the section ""What's in your bag?"" is best described as —"
reading-grade7-2015.js,reading_grade7_2015,,multiple-choice,0,-7.683592,-0.89884937,"Which organizational pattern is used in the section ""Satisfaction guaranteed""?"
reading-grade7-2015.js,reading_grade7_2015,,multiple-choice,3,2.539793,4.4545646,In which section of the flier will students learn when to pay for their purchase?
reading-grade7-2015.js,reading_grade7_2015,,multiple-choice,6,17.78054,17.617874,The author best explains the features of the merchandise by —
reading-grade7-2015.js,reading_grade7_2015,,multiple-choice,2,16.775778,-17.865305,Students who want to order more than one bag would most likely —
reading-grade7-2015.js,reading_grade7_2015,,multiple-choice,6,11.8968525,13.883434,Read this chart a student made about the bags. Which of these shows that the student misunderstood information about the bags?
reading-grade7-2015.js,reading_grade7_2015,,multiple-choice,0,-37.751675,1.9021229,"In paragraph 1, what does the word localities mean?"
reading-grade7-2015.js,reading_grade7_2015,,multiple-choice,0,-33.298737,2.2788756,Which word is a synonym for provision in paragraph 4?
reading-grade7-2015.js,reading_grade7_2015,,multiple-choice,0,-22.843863,2.8768084,"In paragraph 8, the description of the students as a ""small group of budding photographers"" suggests they are —"
reading-grade7-2015.js,reading_grade7_2015,,multiple-choice,0,-39.605225,1.4995476,"In paragraph 8, the other students in Mr. James' classroom are confused because they —"
reading-grade7-2015.js,reading_grade7_2015,,multiple-choice,3,-18.161745,22.532316,"Read this sentence from paragraph 11. The students scrambled to take pictures and stared in amazement. The word ""scrambled"" suggests that the students were —"
reading-grade7-2015.js,reading_grade7_2015,,multiple-choice,2,14.365692,-17.62795,"Based on Helen's actions, which of these will most likely occur in the future?"
reading-grade7-2015.js,reading_grade7_2015,,multiple-choice,0,-1.0270135,-3.6814942,Helen is pleased that the club will go on a camping trip because the experience will —
reading-grade7-2015.js,reading_grade7_2015,,multiple-choice,5,-6.1543837,-28.113554,Which detail about the bats should be included in a summary of the story?
reading-grade7-practice-2024.js,reading_grade7_practice_2024,1.0,multiple-choice,0,-25.856525,-3.0681875,"The name ""the osprey garden"" in paragraph 4 gives the reader the impression of--"
reading-grade7-practice-2024.js,reading_grade7_practice_2024,2.0,multiple-choice,3,-13.470242,30.853237,Which sentence from the article contains a comparison?
reading-grade7-practice-2024.js,reading_grade7_practice_2024,3.0,multiple-choice,1,19.271872,-3.2883725,Which detail about ospreys should be included in a summary of the article?
reading-grade7-practice-2024.js,reading_grade7_practice_2024,4.0,multiple-choice,5,-6.175986,-29.658857,Paragraph 19 contributes to the theme of the story by showing that--
reading-grade7-practice-2024.js,reading_grade7_practice_2024,5.0,multiple-choice,5,-6.8216777,-24.625448,Which sentence from the story best communicates a sense of celebration?
reading-grade7-practice-2024.js,reading_grade7_practice_2024,6.0,multiple-choice,2,18.760483,-19.276466,"In paragraph 3, the newspaper reporter writes about Keichline most likely because she--"
reading-grade7-practice-2024.js,reading_grade7_practice_2024,7.0,multiple-choice,0,-37.432175,0.54021776,"In paragraph 5, the word innovative means--"
reading-grade7-practice-2024.js,reading_grade7_practice_2024,8.0,multiple-choice,6,10.83925,17.844162,"In paragraph 5, the information is organized by--"
reading-grade7-practice-2024.js,reading_grade7_practice_2024,9.0,multiple-choice,0,-25.445164,2.790746,"""A Leader in Her Profession"" would be the best heading for which paragraph?"
reading-grade7-practice-2024.js,reading_grade7_practice_2024,10.0,multiple-choice,8,8.738288,-36.89112,Read lines 21 and 22 from the poem. No canvas can compete with such a scene; No tube of paint can duplicate so true These lines show that the speaker believes--
reading-grade7-practice-2024.js,reading_grade7_practice_2024,11.0,multiple-choice,0,-20.5762,1.2836746,"In line 31, the word comfort has a connotation of —"
reading-grade7-practice-2024.js,reading_grade7_practice_2024,12.0,multiple-choice,8,7.3554916,-36.219814,The speaker's word choice in the poem conveys a tone of--
reading-grade7-practice-2024.js,reading_grade7_practice_2024,13.0,multiple-choice,8,9.546315,-30.375513,"At the top of the article, the words ""Student Voices Column"" are in boldface type and placed between horizontal lines in order to--"
reading-grade7-practice-2024.js,reading_grade7_practice_2024,14.0,multiple-choice,0,-25.856527,-3.0681863,"In paragraph 1, the reader knows that the students--"
reading-grade7-practice-2024.js,reading_grade7_practice_2024,15.0,multiple-choice,6,20.801043,20.756008,"In paragraph 3, the author puts ""old-fashioned"" in quotation marks to--"
reading-grade7-practice-2024.js,reading_grade7_practice_2024,16.0,multiple-choice,6,13.514565,15.681261,Which detail from paragraphs 3 and 4 emphasizes the author's positive viewpoint about menu items?
reading-grade7-practice-2024.js,reading_grade7_practice_2024,17.0,multiple-choice,6,-10.189071,26.636108,"Read this sentence from paragraph 4. Eighth-grader Jasmine Firestone says, ""The new tacos on Tuesdays are the best food in the world!"" Why does the author include this example of hyperbole?"
reading-grade7-practice-2024.js,reading_grade7_practice_2024,18.0,multiple-choice,0,-28.159529,4.0370946,Read these glossary entries for words that appear in paragraph 5. alert: Able to think and respond quickly. approach: Move closer to a person or object. designed: Created a drawing or sketch. surveyed: Carefully examined something to determine its value. Which entry gives the meaning of the word as it is used in paragraph 5?
reading-grade7-practice-2024.js,reading_grade7_practice_2024,19.0,multiple-choice,4,-1.1880761,21.756683,What is the main idea of paragraph 5?
reading-grade7-practice-2024.js,reading_grade7_practice_2024,20.0,multiple-choice,6,3.8163419,16.964798,"Based on paragraph 6, the main outcome of interviewing Marge LaRough was that the author--"
reading-grade7-practice-2024.js,reading_grade7_practice_2024,21.0,multiple-choice,2,22.415306,5.6607637,"Based on the word choice in paragraph 7, what does the author most likely believe?"
reading-grade7-practice-2024.js,reading_grade7_practice_2024,22.0,multiple-choice,8,-3.8842032,-10.442949,Which action by cafeteria staff suggests that student opinions are taken into consideration when making menu decisions?
reading-grade7-practice-2024.js,reading_grade7_practice_2024,23.0,multiple-choice,1,21.502424,-4.4965253,"According to the article, cafeteria offerings were different before the 2012 rules in that they--"
reading-grade7-practice-2024.js,reading_grade7_practice_2024,24.0,multiple-choice,3,-14.504467,23.06506,Which sentence is NOT supported by relevant evidence?
reading-grade7-practice-2024.js,reading_grade7_practice_2024,25.0,multiple-choice,6,10.542391,17.709461,Which paragraph contains useful information for a presentation about how to make dishes healthier?
reading-grade7-practice-2024.js,reading_grade7_practice_2024,26.0,multiple-choice,6,14.766144,15.195268,Which statement best expresses the author's viewpoint?
reading-grade7-practice-2024.js,reading_grade7_practice_2024,27.0,multiple-choice,0,-20.424671,0.5867589,"The phrase ""My heart swelled"" in paragraph 1 conveys that the narrator is--"
reading-grade7-practice-2024.js,reading_grade7_practice_2024,28.0,multiple-choice,0,-31.4722,2.4647765,"In paragraph 5, the word consecutively comes from a Latin root that means--"
reading-grade7-practice-2024.js,reading_grade7_practice_2024,29.0,multiple-choice,0,-33.45324,2.8279238,Which word is a synonym for enhance in paragraph 19?
reading-grade7-practice-2024.js,reading_grade7_practice_2024,30.0,multiple-choice,8,8.027348,-31.474829,How is figurative language used in the first stanza of the poem?
reading-grade7-practice-2024.js,reading_grade7_practice_2024,31.0,multiple-choice,8,8.089344,-37.07944,Lines 13-14 of the poem convey that the speaker's anger is--
reading-grade7-practice-2024.js,reading_grade7_practice_2024,32.0,multiple-choice,8,8.007628,-37.533234,Lines 29-32 reveal that the speaker of the poem--
reading-grade7-practice-2024.js,reading_grade7_practice_2024,33.0,multiple-choice,5,3.2976458,-30.912094,Which idea is developed in both the story and the poem?
reading-grade7-practice-2024.js,reading_grade7_practice_2024,34.0,multiple-choice,8,3.9322298,-32.105057,The endings of the story and the poem both convey a tone of--
reading-grade7-practice-2024.js,reading_grade7_practice_2024,35.0,multiple-choice,8,5.302429,-32.80209,How do the narrator of the story and the speaker of the poem resolve their conflicts?
reading-grade7-practice-2024.js,reading_grade7_practice_2024,36.0,multiple-choice,5,3.4370997,-32.128796,Which major theme do the story and the poem have in common?
reading-grade8-2015.js,reading_grade8_2015,,multiple-choice,6,17.764307,19.697018,"In paragraph 2, the author's use of the words ""distinguish"" and ""like"" indicates that the information is organized by —"
reading-grade8-2015.js,reading_grade8_2015,,multiple-select,6,-18.520761,4.809608,"In this excerpt from paragraph 5, which three words are examples of onomatopoeia? Vocalizations include a chitter, which sounds much like the chattering of teeth; a bark, which is similar to that of a dog . . ."
reading-grade8-2015.js,reading_grade8_2015,,multiple-choice,1,19.536802,-6.028061,"Based on paragraph 8, the reader may best infer that the kinkajou —"
reading-grade8-2015.js,reading_grade8_2015,,multiple-choice,1,18.918016,-4.4294186,"According to the article, which sense best helps a kinkajou locate another kinkajou's territory?"
reading-grade8-2015.js,reading_grade8_2015,,multiple-choice,1,21.625063,-3.4467492,"According to the article, the kinkajou resembles a monkey because of its —"
reading-grade8-2015.js,reading_grade8_2015,,multiple-choice,8,-2.139501,-12.093786,"After their first meeting, the narrator and the horse learn about each other when they —"
reading-grade8-2015.js,reading_grade8_2015,,multiple-choice,5,-5.127393,-28.961874,Who is the narrator of this story?
reading-grade8-2015.js,reading_grade8_2015,,multiple-choice,3,-3.5397418,-2.1365516,Complete this analogy. Skilled is to expert as —
reading-grade8-2015.js,reading_grade8_2015,,multiple-choice,6,13.311923,18.673254,"In paragraph 1, the author suggests that before the Internet, researching a given topic was —"
reading-grade8-2015.js,reading_grade8_2015,,multiple-choice,0,-32.75669,5.2172413,Which meaning best fits the word daunting in paragraph 2?
reading-grade8-2015.js,reading_grade8_2015,,multiple-choice,4,-1.1880761,21.756683,The implied main idea of paragraph 2 is that reference books —
reading-grade8-2015.js,reading_grade8_2015,,multiple-choice,0,-24.863764,-2.0408185,"According to paragraph 2, what major change occurred in the organization of early encyclopedias?"
reading-grade8-2015.js,reading_grade8_2015,,multiple-choice,3,-13.544074,26.506727,Read this sentence from paragraph 6. Wikipedia is making an effort to improve its accuracy by hiring an army of individuals to hunt down faulty information on its site. The language in this sentence creates a sense of —
reading-grade8-2015.js,reading_grade8_2015,,multiple-choice,1,18.513077,-0.17001933,Read this part of an outline based on the article. I. The first encyclopedias A. read from beginning to end B. prepared by a single author C. _______________ Which of these belongs on the blank line?
reading-grade8-2015.js,reading_grade8_2015,,multiple-choice,0,-0.70977765,-4.6086507,Companies are adapting to the rapidly changing encyclopedia industry by —
reading-grade8-2015.js,reading_grade8_2015,,multiple-choice,0,0.5810324,-8.482357,What has Encyclopaedia Britannica done to improve the quality of its entries?
reading-grade8-2015.js,reading_grade8_2015,,multiple-choice,4,-0.07015894,21.251688,The main idea of the article is that people should —
reading-grade8-2015.js,reading_grade8_2015,,multiple-choice,0,-19.668896,1.8297085,Which is a negative connotation of the word prescribe ?
reading-grade8-2015.js,reading_grade8_2015,,multiple-choice,0,-21.612452,1.9495374,"Read this dictionary entry. cor·rode (kə-rōd´) v. 1. Destroy or damage metal, stone, or other materials slowly by chemical action. 2. Be destroyed or damaged in this way. 3. Destroy or weaken gradually. [Latin cor- (expressing intensive force) + rodere 'gnaw.'] The word corrode contains a root that means —"
reading-grade8-2015.js,reading_grade8_2015,,multiple-choice,6,11.481702,17.89367,Which information should be included in a summary of paragraph 2?
reading-grade8-2015.js,reading_grade8_2015,,multiple-choice,4,-1.1880761,21.756683,What is the main idea of paragraph 3?
reading-grade8-2015.js,reading_grade8_2015,,multiple-choice,5,1.53763,-10.960949,Which event most effectively changes Annie's mind about leaving England?
reading-grade8-2015.js,reading_grade8_2015,,multiple-choice,8,-1.2035198,-7.996709,What makes Annie aware that other passengers are feeling ill?
reading-grade8-2015.js,reading_grade8_2015,,drag-drop,8,-0.07852418,-4.4297643,Which two characters influenced Annie's comfort during the voyage?
reading-grade8-2015.js,reading_grade8_2015,,multiple-choice,5,1.5900799,-10.887303,Which event is presented as the climax of the trip?
reading-grade8-2015.js,reading_grade8_2015,,multiple-choice,1,17.168774,-4.3590374,"Based on the ""Register for a Summer of Stories"" and ""Cast Your Vote"" sections, an important goal for the library is —"
reading-grade8-2015.js,reading_grade8_2015,,multiple-choice,6,12.995311,13.734575,"Which information should be included in a summary of the ""Cast Your Vote"" section?"
reading-grade8-2015.js,reading_grade8_2015,,multiple-choice,1,13.018674,-3.6054332,"According to the flier, what must a teen do to receive prizes?"
reading-grade8-2015.js,reading_grade8_2015,,multiple-choice,2,15.404712,-17.799349,Which is the most likely reason poets are asked to register for the Poetry Session?
reading-grade8-2015.js,reading_grade8_2015,,multiple-choice,3,2.5391154,4.455811,Which part of the flier would be most useful for students doing research for a paper?
reading-grade8-2015.js,reading_grade8_2015,,multiple-select,0,-1.7584796,-5.8131633,Which three are rules or requirements for using the computers?
reading-grade8-2015.js,reading_grade8_2015,,multiple-choice,6,16.596373,17.729485,The author structured the flier to suggest that the library —
reading-grade8-2015.js,reading_grade8_2015,,multiple-choice,5,0.24151173,-12.589312,Readers who want to become professional writers would be most interested in knowing that the library —
reading-grade8-2015.js,reading_grade8_2015,,multiple-choice,0,-34.966694,2.122652,What does humility mean in paragraph 2?
reading-grade8-2015.js,reading_grade8_2015,,multiple-choice,0,-22.843601,2.8772297,Cody's description of himself in paragraph 2 suggests that he is —
reading-grade8-2015.js,reading_grade8_2015,,multiple-choice,0,-34.966694,2.122652,What does tranquil mean in paragraph 4?
reading-grade8-2015.js,reading_grade8_2015,,multiple-choice,3,-16.005571,21.52934,"Read this sentence from paragraph 7. Then, suddenly, a blurry patch of dense black crosses the trail some distance ahead of me. What may the reader best infer from Cody's statement?"
reading-grade8-2015.js,reading_grade8_2015,,multiple-choice,6,13.09621,17.51083,The author establishes the setting in paragraph 7 through the use of —
reading-grade8-2015.js,reading_grade8_2015,,multiple-choice,3,-15.312016,25.63449,"Read this sentence from paragraph 11. The sun is just starting to burn the dew from the grass, and each green blade, coated with tiny, reflective droplets, is a glittering emerald. The purpose of the metaphor in this sentence is to suggest the —"
reading-grade8-2015.js,reading_grade8_2015,,multiple-choice,0,-1.3042781,-5.080688,Cody decides to find his way back out of the park by —
reading-grade8-2015.js,reading_grade8_2015,,multiple-choice,5,-6.6458793,-25.62581,Which sentence best describes the theme of the story?
reading-grade8-practice-2024.js,reading_grade8_practice_2024,1.0,multiple-choice,0,-25.953745,-2.5001297,"Read this dictionary entry. dis•tinct (dĭ-stĭngkt´) adj. 1. Not identical; separate. 2. Easily recognized; clear. 3. Obviously defined; unquestionable. [Lat. dīstīnctus , p. part. of distinguish] In paragraph 1 of the article, distinct comes from a word that means--"
reading-grade8-practice-2024.js,reading_grade8_practice_2024,2.0,multiple-choice,1,25.242744,-3.5056007,"Based on the article, the reader can determine that hummingbirds —"
reading-grade8-practice-2024.js,reading_grade8_practice_2024,3.0,multiple-choice,8,8.027815,-32.877583,"In the poem, the hummingbird's nest is a symbol of--"
reading-grade8-practice-2024.js,reading_grade8_practice_2024,4.0,multiple-choice,8,10.0701685,-33.292587,Both the poem and the article address the theme of--
reading-grade8-practice-2024.js,reading_grade8_practice_2024,5.0,multiple-choice,2,16.18878,-18.884172,"In paragraph 7, Mrs. Ellis wishes Keisha good luck most likely because she thinks Keisha--"
reading-grade8-practice-2024.js,reading_grade8_practice_2024,6.0,multiple-choice,0,-20.20155,4.8819213,The purpose of the figurative language in paragraph 8 is to foreshadow--
reading-grade8-practice-2024.js,reading_grade8_practice_2024,7.0,multiple-choice,3,-18.814606,24.677372,Read this sentence from paragraph 9. Keisha started to stumble over her words as Mrs. Watson continued to stare at her with an almost belligerent gaze. What is the meaning of the word belligerent ?
reading-grade8-practice-2024.js,reading_grade8_practice_2024,8.0,multiple-choice,6,17.286879,17.59537,"In paragraphs 8 and 9, the author's tone can best be described as--"
reading-grade8-practice-2024.js,reading_grade8_practice_2024,9.0,multiple-choice,5,-3.7674413,-27.842918,Which event is part of the resolution of the story?
reading-grade8-practice-2024.js,reading_grade8_practice_2024,10.0,multiple-choice,0,-26.629543,3.1714327,"Read this thesaurus entry. evolve v. — adapt, develop, increase, mature. Which word best replaces evolve as it is used in paragraph 1?"
reading-grade8-practice-2024.js,reading_grade8_practice_2024,11.0,multiple-choice,1,21.412928,-6.36651,"Based on paragraph 4, what can the reader determine?"
reading-grade8-practice-2024.js,reading_grade8_practice_2024,12.0,multiple-choice,6,12.630102,15.317195,"The organization of the ideas in ""Literature and Art Abound"" supports the author's purpose by--"
reading-grade8-practice-2024.js,reading_grade8_practice_2024,13.0,multiple-choice,4,-2.1603158,20.360687,"Which sentence from ""A Beginning, Not an End"" best represents the main idea of the section?"
reading-grade8-practice-2024.js,reading_grade8_practice_2024,14.0,multiple-choice,4,-1.3288869,17.757555,Which detail best supports the idea that Harlem was a center of growth for jazz music in America?
reading-grade8-practice-2024.js,reading_grade8_practice_2024,15.0,multiple-choice,0,-24.642685,3.545959,The details in paragraph 2 are mostly about —
reading-grade8-practice-2024.js,reading_grade8_practice_2024,16.0,multiple-choice,3,-18.423002,26.804031,"Read this sentence from paragraph 4. In fact, more than 4,000 species of fish and marine life may populate a typical coral community. In this sentence, populate means--"
reading-grade8-practice-2024.js,reading_grade8_practice_2024,17.0,multiple-choice,6,12.136787,16.702206,The organization of ideas in paragraph 6 supports the author's message by--
reading-grade8-practice-2024.js,reading_grade8_practice_2024,18.0,multiple-choice,0,-31.45943,3.1299958,"The use of the word ""however"" indicates that paragraph 7 is organized by--"
reading-grade8-practice-2024.js,reading_grade8_practice_2024,19.0,multiple-choice,0,-32.578293,2.8986535,"The word co exist in paragraph 7 has the prefix co -, which means--"
reading-grade8-practice-2024.js,reading_grade8_practice_2024,20.0,multiple-choice,6,14.958293,16.222488,Which information best demonstrates that coral reefs are important to marine life?
reading-grade8-practice-2024.js,reading_grade8_practice_2024,21.0,multiple-choice,6,16.329721,-0.41603205,Which information from the article explains the cooperative relationship between algae and reef-dwelling coral?
reading-grade8-practice-2024.js,reading_grade8_practice_2024,22.0,multiple-choice,0,-0.5671051,-6.5252657,Why are coral reefs ideal for the growth of algae?
reading-grade8-practice-2024.js,reading_grade8_practice_2024,23.0,multiple-choice,0,-0.9489011,-5.936655,How do warming ocean temperatures affect coral?
reading-grade8-practice-2024.js,reading_grade8_practice_2024,24.0,multiple-choice,1,25.242744,-3.5056007,"Based on the article, the reader can determine that--"
reading-grade8-practice-2024.js,reading_grade8_practice_2024,25.0,multiple-choice,1,22.912285,3.8836303,"Based on the article, the author most likely wants the reader to agree that--"
reading-grade8-practice-2024.js,reading_grade8_practice_2024,26.0,multiple-choice,6,21.635408,19.785194,"By describing the ocean's habitat as ""delicate,"" the author intends to--"
reading-grade8-practice-2024.js,reading_grade8_practice_2024,27.0,multiple-choice,1,17.573648,-0.13617198,Which information should be included in a summary of this article?
reading-grade8-practice-2024.js,reading_grade8_practice_2024,28.0,multiple-choice,6,14.032431,15.905345,Which type of literary device does the author use in paragraphs 6-12?
reading-grade8-practice-2024.js,reading_grade8_practice_2024,29.0,multiple-choice,0,-37.432175,0.54021776,"In paragraph 8, the word preliminary means--"
reading-grade8-practice-2024.js,reading_grade8_practice_2024,30.0,multiple-choice,3,-16.221498,26.793892,"Read this sentence from paragraph 15. The bird had a gray head the color of soot, and its eyes, two onyx stones, were surrounded with black, as if rimmed in eye makeup. The purpose of the figurative language in this sentence is to--"
reading-grade8-practice-2024.js,reading_grade8_practice_2024,31.0,multiple-choice,0,-30.40148,2.7622097,Which word is the best antonym for arduous in paragraph 18?
reading-grade8-practice-2024.js,reading_grade8_practice_2024,32.0,multiple-choice,0,-27.679512,2.25218,Paragraph 18 suggests that Joanna--
reading-grade8-practice-2024.js,reading_grade8_practice_2024,33.0,multiple-choice,0,-25.042652,4.8554296,"In paragraph 25, what is Dan's most logical reason for moving away from the waterfall?"
reading-grade8-practice-2024.js,reading_grade8_practice_2024,34.0,multiple-choice,0,-20.506805,3.1429353,The simile in paragraph 30 emphasizes that--
reading-grade8-practice-2024.js,reading_grade8_practice_2024,35.0,multiple-choice,0,0.58596104,-3.2092357,Joanna presumes the bird is in distress because it--
reading-grade8-practice-2024.js,reading_grade8_practice_2024,36.0,multiple-choice,5,-7.8362775,-29.642403,"In the story, Joanna is--"
reading-grade8-practice-2024.js,reading_grade8_practice_2024,37.0,multiple-choice,8,-0.48812014,-5.413938,"The repetition of "" Plik-plik-plik-plik! "" creates a feeling of--"
reading-grade8-practice-2024.js,reading_grade8_practice_2024,38.0,multiple-choice,5,-3.8205512,-28.910603,The point of view used in the story best helps the reader understand--
reading-grade8-practice-2024.js,reading_grade8_practice_2024,39.0,multiple-choice,5,-6.6579585,-28.847939,A theme of the story is that--
